date,account_value
2011-04-14,100000.0
2011-04-15,99998.0081671753
2011-04-18,99994.4881608429
2011-04-19,99995.44818281555
2011-04-20,100010.41932618714
2011-04-21,100018.31547328187
2011-04-25,100015.77957717895
2011-04-26,99996.87418647765
2011-04-27,100097.00189929198
2011-04-28,100084.32528881835
2011-04-29,100089.31015045165
2011-05-02,100126.97018463134
2011-05-03,100104.84895068359
2011-05-04,100118.33053913878
2011-05-05,100089.53056303404
2011-05-06,100094.72351345824
2011-05-09,100129.92347988891
2011-05-10,100167.40267256164
2011-05-11,100172.91876429749
2011-05-12,100194.88879603577
2011-05-13,100145.5425893097
2011-05-16,100014.68998963929
2011-05-17,100046.69752236939
2011-05-18,100078.61750527954
2011-05-19,100102.55759927368
2011-05-20,100100.45747109986
2011-05-23,100066.43757363892
2011-05-24,100021.99139941407
2011-05-25,100005.6379731598
2011-05-26,100049.47806105042
2011-05-27,100034.49314405823
2011-05-31,100078.01310255432
2011-06-01,100000.59625874329
2011-06-02,100023.09625874329
2011-06-03,99927.1565004425
2011-06-06,99879.81641255188
2011-06-07,99913.29642353821
2011-06-08,99922.60887353515
2011-06-09,99955.02061601257
2011-06-10,99888.68106419372
2011-06-13,99883.21441334533
2011-06-14,99960.09840533446
2011-06-15,99876.51817462157
2011-06-16,99825.07215434263
2011-06-17,99884.9121811981
2011-06-20,99915.77595158384
2011-06-21,100065.50582524107
2011-06-22,100002.9118149719
2011-06-23,100063.63178567502
2011-06-24,100024.99177102659
2011-06-27,100233.7916977844
2011-06-28,100260.19184426877
2011-06-29,100304.11152200315
2011-06-30,100311.65766244504
2011-07-01,100441.45317243955
2011-07-05,100541.1436000366
2011-07-06,100568.1436000366
2011-07-07,100636.99368243405
2011-07-08,100678.57350115964
2011-07-11,100517.91534078977
2011-07-12,100480.95513571164
2011-07-13,100544.51525534055
2011-07-14,100460.06188717649
2011-07-15,100527.29162350461
2011-07-18,100489.55885604856
2011-07-19,100678.7172906494
2011-07-20,100608.21938446043
2011-07-21,100540.14394065856
2011-07-22,100636.13386985777
2011-07-25,100548.26390525817
2011-07-26,100568.75003073119
2011-07-27,100827.07621023558
2011-07-28,100871.01335820006
2011-07-29,100825.24980061338
2011-08-01,100785.64990132139
2011-08-02,100458.34822853086
2011-08-03,100400.71685079954
2011-08-04,100129.14653923032
2011-08-05,100169.2050995178
2011-08-08,99872.2050995178
2011-08-09,100248.0750793762
2011-08-10,99886.39536135862
2011-08-11,100030.02108609007
2011-08-12,100163.98116909788
2011-08-15,100186.52865547179
2011-08-16,100002.07850593566
2011-08-17,99940.82850593566
2011-08-18,99471.47891181945
2011-08-19,99345.82850593566
2011-08-22,99295.60959791564
2011-08-23,99871.96994947814
2011-08-24,99878.44968580626
2011-08-25,99817.24979566954
2011-08-26,100070.4579579315
2011-08-29,100324.55776567076
2011-08-30,100478.20774430846
2011-08-31,100633.15673641967
2011-09-01,100533.41141609191
2011-09-02,100439.431664505
2011-09-06,100674.06138618468
2011-09-07,100818.92525379943
2011-09-08,100713.1053782196
2011-09-09,100472.2183184204
2011-09-12,100684.18824334716
2011-09-13,100808.71173461914
2011-09-14,100936.39209350586
2011-09-15,101113.21173461914
2011-09-16,101639.0519140625
2011-09-19,101739.43188842773
2011-09-20,101376.27009344482
2011-09-21,101315.31662860107
2011-09-22,100926.28478607177
2011-09-23,100943.38500579834
2011-09-26,101224.18525299072
2011-09-27,100970.38528045654
2011-09-28,101217.88528045654
2011-09-29,100890.7350881958
2011-09-30,100604.85233935546
2011-10-03,100409.35233935546
2011-10-04,100433.5805601654
2011-10-05,100769.3680601654
2011-10-06,100867.63829100036
2011-10-07,101025.90882933044
2011-10-10,101348.32891905212
2011-10-11,101556.0970192108
2011-10-12,101622.59711076354
2011-10-13,101588.7001139984
2011-10-14,102127.26076768493
2011-10-17,101899.25380377196
2011-10-18,101981.1616355133
2011-10-19,101314.01742591857
2011-10-20,101426.33752479553
2011-10-21,101489.51742591857
2011-10-24,101642.33752479553
2011-10-25,101077.4971622467
2011-10-26,99553.5200122528
2011-10-27,99997.66027104187
2011-10-28,100556.28072392273
2011-10-31,100350.32271177672
2011-11-01,100272.5598395996
2011-11-02,100469.46712435913
2011-11-03,100616.10140365601
2011-11-04,100514.52325038148
2011-11-07,100543.64348963929
2011-11-08,100599.08379725648
2011-11-09,100219.96355799866
2011-11-10,100195.88311366273
2011-11-11,100558.6726593628
2011-11-14,100644.69489338684
2011-11-15,100581.77648524476
2011-11-16,100242.83886764527
2011-11-17,99801.8968056183
2011-11-18,99366.47651753236
2011-11-21,98900.9665535431
2011-11-22,99086.17708381654
2011-11-23,98881.63530229188
2011-11-25,98472.86559329224
2011-11-28,99212.93319329835
2011-11-29,98850.05353936768
2011-11-30,99095.7531548462
2011-12-01,99400.67388543702
2011-12-02,99330.07636480713
2011-12-05,99343.51679449463
2011-12-06,99071.51679449463
2011-12-07,99287.77492350769
2011-12-08,98973.17416972351
2011-12-09,99136.18388504029
2011-12-12,98911.54423660279
2011-12-13,98334.90361160279
2011-12-14,98315.70439285279
2011-12-15,98382.90361160279
2011-12-16,98382.90361160279
2011-12-19,98259.38408035279
2011-12-20,98463.54423660279
2011-12-21,97932.31183561707
2011-12-22,98241.01700221254
2011-12-23,98123.58797221376
2011-12-27,98054.73106575014
2011-12-28,97890.3344588318
2011-12-29,97888.12065184022
2011-12-30,97835.50717086793
2012-01-03,98244.67666549684
2012-01-04,98139.79637069703
2012-01-05,98146.61928794862
2012-01-06,98496.61928794862
2012-01-09,98213.11907432557
2012-01-10,98266.7604300995
2012-01-11,98235.78091920473
2012-01-12,98024.7319325409
2012-01-13,98201.52232255555
2012-01-17,98431.5627125702
2012-01-18,98991.5409646759
2012-01-19,99357.08112367248
2012-01-20,99100.12081178284
2012-01-23,98746.80107911682
2012-01-24,98813.2313464508
2012-01-25,98872.24457228088
2012-01-26,99280.72488844299
2012-01-27,99432.42398512267
2012-01-30,99194.14389479064
2012-01-31,99363.60452711486
2012-02-01,98255.08484327697
2012-02-02,98424.40497128296
2012-02-03,98865.26261895752
2012-02-06,98529.3031157837
2012-02-07,98607.00334161377
2012-02-08,98702.4628447876
2012-02-09,98664.77736479188
2012-02-10,98706.77718168641
2012-02-13,99160.52741056825
2012-02-14,99138.29633082582
2012-02-15,98612.19488983156
2012-02-16,98262.61423187258
2012-02-17,98462.89487316896
2012-02-21,98444.17444470216
2012-02-22,98311.27276332094
2012-02-23,98177.76257044985
2012-02-24,98196.78411990359
2012-02-27,98148.78363162234
2012-02-28,98570.38397341922
2012-02-29,98237.29012397768
2012-03-01,98265.80968324283
2012-03-02,98204.21045379642
2012-03-05,98283.8897445679
2012-03-06,98351.76963471988
2012-03-07,98571.53028535465
2012-03-08,98888.86988496402
2012-03-09,98619.76288766482
2012-03-12,98543.31791702274
2012-03-13,98642.73427372744
2012-03-14,98449.3441217499
2012-03-15,98629.45396977237
2012-03-16,98681.35041136172
2012-03-19,98721.11546511843
2012-03-20,99299.9652575989
2012-03-21,99248.96473880007
2012-03-22,99306.39285133364
2012-03-23,99530.60039945986
2012-03-26,100196.1505550995
2012-03-27,100414.6011776581
2012-03-28,100046.31584263613
2012-03-29,100343.01558018496
2012-03-30,100162.41505528262
2012-04-02,99778.8557901459
2012-04-03,99918.72779324344
2012-04-04,99425.4379525452
2012-04-05,99460.23742153934
2012-04-09,99238.28265556338
2012-04-10,98807.96270927432
2012-04-11,98895.08319267276
2012-04-12,99134.44330009463
2012-04-13,98938.20367607119
2012-04-16,98674.5746185303
2012-04-17,98931.78456420901
2012-04-18,99172.79688832095
2012-04-19,99175.33570722965
2012-04-20,99073.41476301578
2012-04-23,98913.14568145755
2012-04-24,99107.32710087589
2012-04-25,99491.59642663578
2012-04-26,99639.17711511234
2012-04-27,102540.01717248539
2012-04-30,103019.53916281131
2012-05-01,102844.46720544437
2012-05-02,102864.20783654788
2012-05-03,102789.00754968265
2012-05-04,102270.07891145328
2012-05-07,102381.22873750309
2012-05-08,102261.52780976871
2012-05-09,102172.98408555606
2012-05-10,102529.14473008731
2012-05-11,102624.18379258731
2012-05-14,102168.18379258731
2012-05-15,102309.58151383976
2012-05-16,102277.57133622745
2012-05-17,101724.67163224796
2012-05-18,101287.20216508488
2012-05-21,101704.4677767487
2012-05-22,101432.0278963776
2012-05-23,101623.12759730534
2012-05-24,101420.95098197942
2012-05-25,101188.30037773137
2012-05-29,101372.44043815618
2012-05-30,100820.22526091008
2012-05-31,101191.69683230596
2012-06-01,100718.00658572392
2012-06-04,101365.4989882813
2012-06-05,101226.77892602544
2012-06-06,101678.63817895512
2012-06-07,101797.900916153
2012-06-08,101764.94016175847
2012-06-11,101561.00060182194
2012-06-12,101552.76041322331
2012-06-13,101378.69016175847
2012-06-14,101349.35555871586
2012-06-15,101754.9565108643
2012-06-18,102203.19625695805
2012-06-19,102345.67574914555
2012-06-20,102239.402295929
2012-06-21,101982.15261636357
2012-06-22,102150.47165817265
2012-06-25,101928.93204635625
2012-06-26,102516.17133468633
2012-06-27,102517.23075241093
2012-06-28,102055.83539364628
2012-06-29,102809.11630795292
2012-07-02,102913.64808978276
2012-07-03,102935.8878554688
2012-07-05,102668.89819363409
2012-07-06,102449.58173239141
2012-07-09,102449.35668238836
2012-07-10,101849.95635279852
2012-07-11,101727.91582545477
2012-07-12,101399.60805421454
2012-07-13,101732.69255993658
2012-07-16,101470.8920228272
2012-07-17,101572.79580958563
2012-07-18,101632.73675807196
2012-07-19,102598.43641932684
2012-07-20,102833.75587733465
2012-07-23,102580.6760128327
2012-07-24,102251.00587733465
2012-07-25,101579.90393109136
2012-07-26,101911.42297406011
2012-07-27,103867.23441242987
2012-07-30,103728.24317097479
2012-07-31,103412.97392964178
2012-08-01,103274.79986425788
2012-08-02,103128.88000341803
2012-08-03,103607.04961456305
2012-08-06,103493.13514016729
2012-08-07,103791.25421975713
2012-08-08,103535.95851669316
2012-08-09,103498.51765975957
2012-08-10,103343.70388784795
2012-08-13,103307.12417593389
2012-08-14,103395.62417593389
2012-08-15,103898.7604775086
2012-08-16,104394.12364344792
2012-08-17,104347.90150262456
2012-08-20,104247.62130064396
2012-08-21,104136.67982453923
2012-08-22,104585.63095063786
2012-08-23,104349.78671537785
2012-08-24,104912.74777494816
2012-08-27,104685.00111941532
2012-08-28,104960.69750703433
2012-08-29,105087.95681489566
2012-08-30,104974.55758393863
2012-08-31,105234.66175151065
2012-09-04,105185.27355841067
2012-09-05,104974.2052133179
2012-09-06,105629.52567840579
2012-09-07,106622.55554840091
2012-09-10,106357.84404632571
2012-09-11,106172.98719436649
2012-09-12,106167.78806716923
2012-09-13,106771.44051821902
2012-09-14,106907.14011709597
2012-09-17,106475.50156729129
2012-09-18,106574.99356729128
2012-09-19,106964.68259317019
2012-09-20,106848.97324258425
2012-09-21,106404.7537296448
2012-09-24,106049.64397317507
2012-09-25,105735.82966389468
2012-09-26,105358.92605032351
2012-09-27,106299.7961313019
2012-09-28,105993.09102445986
2012-10-01,105681.23929411318
2012-10-02,105490.89085966494
2012-10-03,106214.15918055728
2012-10-04,106832.95959559635
2012-10-05,106566.40075770572
2012-10-08,106641.19909754947
2012-10-09,105539.60034266666
2012-10-10,104721.45921542362
2012-10-11,104615.96863009647
2012-10-12,104359.04432586674
2012-10-15,104611.78086296085
2012-10-16,104578.42222038272
2012-10-17,105071.87264457706
2012-10-18,104704.91272941593
2012-10-19,104030.76188102725
2012-10-22,103159.72171012881
2012-10-23,103234.2177580109
2012-10-24,102407.54457472233
2012-10-25,101616.60353468327
2012-10-26,103792.04457472233
2012-10-31,103026.7554619141
2012-11-01,102919.5054619141
2012-11-02,102959.54528735355
2012-11-05,103232.6758110352
2012-11-06,103694.56520007328
2012-11-07,102908.06520007328
2012-11-08,102234.53642199711
2012-11-09,102084.54784152226
2012-11-12,102107.58836886601
2012-11-13,102126.30907199101
2012-11-14,101596.83114447026
2012-11-15,101256.0824719849
2012-11-16,101927.4309674683
2012-11-19,102581.28734147648
2012-11-20,103175.50618302921
2012-11-21,103796.00618302921
2012-11-23,104067.71905024722
2012-11-26,104617.49761470035
2012-11-27,104584.69381404117
2012-11-28,105133.77480769351
2012-11-29,105749.4553496857
2012-11-30,105863.86390023807
2012-12-03,105611.0237207947
2012-12-04,105930.45393278507
2012-12-05,106149.23162466433
2012-12-06,106060.47592515567
2012-12-07,106045.47729844668
2012-12-10,105214.7240284424
2012-12-11,105655.64375195315
2012-12-12,105818.03185589601
2012-12-13,105740.51269085695
2012-12-14,105427.3930619507
2012-12-17,106141.65359179689
2012-12-18,107142.2725645752
2012-12-19,106773.54200427247
2012-12-20,107313.82551818849
2012-12-21,106608.50758605958
2012-12-24,106870.30476623536
2012-12-26,105321.59765991212
2012-12-27,105271.42788732912
2012-12-28,104779.76881072999
2012-12-31,105678.5440164795
2013-01-02,106702.25353466798
2013-01-03,106888.28566967775
2013-01-04,106995.22445529175
2013-01-07,108484.82406466675
2013-01-08,108152.02621310425
2013-01-09,108146.93002963258
2013-01-10,107984.31845736696
2013-01-11,108402.91944003297
2013-01-14,109178.63288430788
2013-01-15,109043.06736865235
2013-01-16,108555.71526846316
2013-01-17,108809.91827139285
2013-01-18,109080.24517297365
2013-01-22,108761.79638146974
2013-01-23,108418.59356164552
2013-01-24,109306.42646484377
2013-01-25,111064.66280099489
2013-01-28,109737.01585885622
2013-01-29,107116.78545114138
2013-01-30,109201.40571636966
2013-01-31,107981.72407574466
2013-02-01,107897.72407574466
2013-02-04,107059.12091046144
2013-02-05,108213.0915220337
2013-02-06,107433.19927960206
2013-02-07,107100.87091046144
2013-02-08,107389.57088552858
2013-02-11,106588.24542843629
2013-02-12,106841.29174627687
2013-02-13,108672.18987860109
2013-02-14,108633.0880109253
2013-02-15,107927.58904852296
2013-02-19,108719.78967108155
2013-02-20,108151.99029364015
2013-02-21,108072.09008612062
2013-02-22,107983.6919537964
2013-02-25,107040.18884100343
2013-02-26,106952.71730108644
2013-02-27,107621.54046063234
2013-02-28,107796.9785709839
2013-03-01,108049.81878094484
2013-03-04,109317.4579411011
2013-03-05,109746.2267317505
2013-03-06,109432.7532657776
2013-03-07,109448.22883489993
2013-03-08,109502.47840765383
2013-03-11,108983.0020692139
2013-03-12,109494.2634219971
2013-03-13,109665.95363806155
2013-03-14,107999.59571334842
2013-03-15,107301.8387553406
2013-03-18,106598.10824636843
2013-03-19,106331.44837881472
2013-03-20,106488.04749990847
2013-03-21,105783.70033038332
2013-03-22,106572.86044085695
2013-03-25,106257.74069134524
2013-03-26,107038.52224652102
2013-03-27,107951.43014941408
2013-03-28,108169.20059619143
2013-04-01,107271.0132077637
2013-04-02,107585.65725073245
2013-04-03,106791.74234991457
2013-04-04,106800.78104940797
2013-04-05,106127.32368145754
2013-04-08,106776.21676312257
2013-04-09,107187.67827209475
2013-04-10,107870.11345275881
2013-04-11,108825.15666564944
2013-04-12,109392.91460021975
2013-04-15,108419.29288378908
2013-04-16,109292.47196093752
2013-04-17,108358.81149951174
2013-04-18,106850.59519091799
2013-04-19,107021.33461123658
2013-04-22,107635.03090029908
2013-04-23,108651.53205996705
2013-04-24,108628.34409259036
2013-04-25,109759.06665728762
2013-04-26,105960.07385943606
2013-04-29,104986.38057287599
2013-04-30,105767.81904943849
2013-05-01,104701.7848897095
2013-05-02,105526.90628863528
2013-05-03,106582.65080894472
2013-05-06,106135.29338706972
2013-05-07,106522.96955183412
2013-05-08,106706.31601789857
2013-05-09,106993.17946925355
2013-05-10,107666.35970606995
2013-05-13,107837.6970282135
2013-05-14,108586.1479723053
2013-05-15,108237.19180662537
2013-05-16,107756.51132566834
2013-05-17,108895.17108518982
2013-05-20,108447.98324949646
2013-05-21,108691.25175230409
2013-05-22,107516.88410691834
2013-05-23,107284.62041450501
2013-05-24,107272.29910523987
2013-05-28,108387.8527856598
2013-05-29,108032.063522995
2013-05-30,108294.66105717469
2013-05-31,108773.40623539734
2013-06-03,108306.81556321717
2013-06-04,108068.19016270447
2013-06-05,108366.334710495
2013-06-06,108500.70206196595
2013-06-07,110353.63598368835
2013-06-10,111214.63848612976
2013-06-11,109918.61565586853
2013-06-12,109274.57390809632
2013-06-13,110127.41289735414
2013-06-14,109754.80910707093
2013-06-17,110601.0966405182
2013-06-18,111370.6991795807
2013-06-19,110621.89791004945
2013-06-20,109640.1376561432
2013-06-21,109623.1406443634
2013-06-24,109045.36728437805
2013-06-25,109357.37899250793
2013-06-26,110518.86923161315
2013-06-27,110514.32750144959
2013-06-28,110544.01308622741
2013-07-01,111487.75386991882
2013-07-02,111834.66280995178
2013-07-03,111898.56020985413
2013-07-05,112292.61150990296
2013-07-08,113295.8396898346
2013-07-09,113496.06020985413
2013-07-10,113666.96606755066
2013-07-11,115242.6274118805
2013-07-12,116946.56432414246
2013-07-15,116734.88854289246
2013-07-16,116799.67932395934
2013-07-17,117196.13405064392
2013-07-18,116192.80161796568
2013-07-19,116438.90314762878
2013-07-22,116053.90314762878
2013-07-23,115521.50019352722
2013-07-24,115052.68021263121
2013-07-25,116038.33832420348
2013-07-26,117941.15183128355
2013-07-29,116628.81900828551
2013-07-30,115805.6423638458
2013-07-31,115540.27181941221
2013-08-01,116510.3231804962
2013-08-02,116205.37405580138
2013-08-05,115480.56957115172
2013-08-06,115426.57176841734
2013-08-07,114558.43184605407
2013-08-08,114292.54188795469
2013-08-09,114638.81060108947
2013-08-12,114509.12167848204
2013-08-13,113891.68140138243
2013-08-14,113291.74631809996
2013-08-15,112181.38743138121
2013-08-16,111805.18882298277
2013-08-19,111976.65400297544
2013-08-20,112324.7314871063
2013-08-21,111747.65400297544
2013-08-22,112934.17027525327
2013-08-23,112998.56026325987
2013-08-26,112116.66600520324
2013-08-27,110891.70628840636
2013-08-28,111042.50487239074
2013-08-29,111599.31053645324
2013-08-30,110900.02655644224
2013-09-03,112722.08115238951
2013-09-04,113854.3586365814
2013-09-05,113961.99663706968
2013-09-06,114375.2976603546
2013-09-09,115283.60324079893
2013-09-10,115437.35208427427
2013-09-11,115265.69869694517
2013-09-12,115078.97205497739
2013-09-13,114854.95987712094
2013-09-16,114410.1181643829
2013-09-17,116348.41195710751
2013-09-18,118226.94845613095
2013-09-19,118233.83613316342
2013-09-20,119261.03584019467
2013-09-23,118091.86802925108
2013-09-24,118730.44008418272
2013-09-25,118372.27742549131
2013-09-26,119696.01772090147
2013-09-27,119182.97316047666
2013-09-30,118364.0643470001
2013-10-01,120383.39375373838
2013-10-02,120275.71220802305
2013-10-03,118866.64169801329
2013-10-04,119915.24139894103
2013-10-07,117698.45995658872
2013-10-08,116025.6629595184
2013-10-09,114790.35972950743
2013-10-10,116504.54033253477
2013-10-11,117917.38063404844
2013-10-14,117869.94913856505
2013-10-15,116807.53391584777
2013-10-16,117821.54660765074
2013-10-17,117890.98630491637
2013-10-18,122394.6672131195
2013-10-21,121774.33071476745
2013-10-22,123299.0058006439
2013-10-23,121847.89356703185
2013-10-24,123215.83897108458
2013-10-25,131072.8726058197
2013-10-28,129754.909837265
2013-10-29,130898.99199058532
2013-10-30,130488.76280497739
2013-10-31,131237.70482557677
2013-11-01,129960.08513563537
2013-11-04,129894.04265516662
2013-11-05,129931.94014076231
2013-11-06,129237.81562574767
2013-11-07,126007.09687574767
2013-11-08,127741.5033157501
2013-11-11,128783.07488075255
2013-11-12,127536.26893214416
2013-11-13,129255.59955958556
2013-11-14,132139.6814499359
2013-11-15,132596.3464889984
2013-11-18,131821.56194422912
2013-11-19,131500.404473526
2013-11-20,130883.8408030548
2013-11-21,132534.84238996886
2013-11-22,133416.2382639923
2013-11-25,134546.00041444396
2013-11-26,135780.5253167877
2013-11-27,137179.22298731992
2013-11-29,138989.64394679258
2013-12-02,138643.80202784727
2013-12-03,136634.09390144347
2013-12-04,136976.90601878354
2013-12-05,136586.96973530576
2013-12-06,137240.9510900421
2013-12-09,136692.99173945616
2013-12-10,137464.23261238096
2013-12-11,135965.72581382748
2013-12-12,135713.8051595306
2013-12-13,136515.1225423431
2013-12-16,137787.11125767516
2013-12-17,137432.02928746032
2013-12-18,139667.41863072204
2013-12-19,139459.12563703916
2013-12-20,141358.44309352108
2013-12-23,141553.56342433163
2013-12-24,140545.44309352108
2013-12-26,141956.7245575714
2013-12-27,140240.39692085265
2013-12-30,138959.2792450714
2013-12-31,140433.52289741515
2014-01-02,140209.26210789487
2014-01-03,139791.57244114683
2014-01-06,139026.8566652069
2014-01-07,140223.65500505065
2014-01-08,141285.2309740753
2014-01-09,141035.4880506439
2014-01-10,140113.83536216733
2014-01-13,138269.75972364805
2014-01-14,140086.48806736752
2014-01-15,139623.8943478851
2014-01-16,139604.5023190765
2014-01-17,140659.87164280697
2014-01-21,142727.79271153256
2014-01-22,142027.1014513397
2014-01-23,140724.1677050018
2014-01-24,137288.17091117857
2014-01-27,136916.861253067
2014-01-28,139214.77325187682
2014-01-29,136329.91875968932
2014-01-30,141652.76386875912
2014-01-31,129110.20179600523
2014-02-03,125548.48067924497
2014-02-04,126061.13974775694
2014-02-05,125631.79179774472
2014-02-06,127967.62079328916
2014-02-07,129836.38339079282
2014-02-10,129775.90585173032
2014-02-11,130041.42886235044
2014-02-12,126417.36639286802
2014-02-13,128714.91992070005
2014-02-14,128758.06095066831
2014-02-18,127681.00004841611
2014-02-19,125849.80960643003
2014-02-20,126556.44461619566
2014-02-21,125668.77103221128
2014-02-24,127134.60782420347
2014-02-25,129044.29031932066
2014-02-26,129476.44461619566
2014-02-27,129572.77982353208
2014-02-28,130149.9901811981
2014-03-03,129470.228035202
2014-03-04,130677.38660453794
2014-03-05,133167.20306343076
2014-03-06,133105.4655756378
2014-03-07,133076.0637812042
2014-03-10,132626.24414009092
2014-03-11,132123.50665229795
2014-03-12,132660.03999293517
2014-03-13,132916.68855250548
2014-03-14,133574.53279078673
2014-03-17,133958.03819239806
2014-03-18,135058.3824306793
2014-03-19,133424.0889126129
2014-03-20,132171.27281150816
2014-03-21,129707.65204096983
2014-03-24,127120.50528193662
2014-03-25,127964.20096064756
2014-03-26,124619.04986393735
2014-03-27,123151.52572883604
2014-03-28,123098.06790412901
2014-03-31,122525.56561265561
2014-04-01,124498.32415757749
2014-04-02,124190.0115325775
2014-04-03,121687.67067121885
2014-04-04,118490.7185209503
2014-04-07,116913.48146040342
2014-04-08,119715.79072554014
2014-04-09,121146.94070631407
2014-04-10,116692.50519758604
2014-04-11,115056.67588056944
2014-04-14,116327.39365400694
2014-04-15,116378.92253160094
2014-04-16,118704.20831929015
2014-04-17,119080.59168110655
2014-04-21,120904.34906636046
2014-04-22,120428.17194392394
2014-04-23,118972.98557307433
2014-04-24,122844.22324894712
2014-04-25,112581.66099308775
2014-04-28,110348.66099308775
2014-04-29,111514.97003443907
2014-04-30,112666.22003443907
2014-05-01,113823.9989122467
2014-05-02,113860.95740834044
2014-05-05,114491.00260877989
2014-05-06,110575.97788954161
2014-05-07,109132.94374037169
2014-05-08,107771.75594981383
2014-05-09,108990.5823148651
2014-05-12,112293.40079631041
2014-05-13,112848.46707695007
2014-05-14,110650.89632365416
2014-05-15,109890.30861613463
2014-05-16,110678.15649253843
2014-05-19,110382.99572593687
2014-05-20,111774.01342613218
2014-05-21,112973.49572593687
2014-05-22,112941.68879331968
2014-05-23,115250.63456358336
2014-05-27,114803.33994688414
2014-05-28,114594.46796965026
2014-05-29,115741.69626179503
2014-05-30,115351.78277912902
2014-06-02,114171.69294642638
2014-06-03,113645.03605345152
2014-06-04,113513.52769157408
2014-06-05,118886.33042594908
2014-06-06,120838.33237907408
2014-06-09,120141.42839875793
2014-06-10,121722.12207795714
2014-06-11,122620.50482942199
2014-06-12,119619.49686940001
2014-06-13,119735.7721379547
2014-06-16,120171.82410939025
2014-06-17,119523.49648939513
2014-06-18,122370.17404322814
2014-06-19,119971.67245631407
2014-06-20,119061.67642359923
2014-06-23,120049.66928248595
2014-06-24,119048.67364649962
2014-06-25,120114.6732497711
2014-06-26,119547.34580976867
2014-06-27,119183.02170668029
2014-06-30,119251.26892958068
2014-07-01,121731.80932292173
2014-07-02,121881.7665372772
2014-07-03,123398.70849806211
2014-07-07,122106.05020729064
2014-07-08,118901.25987019346
2014-07-09,120927.90107502745
2014-07-10,120251.07513334655
2014-07-11,126283.47473051451
2014-07-14,129301.84691429137
2014-07-15,129011.08998295592
2014-07-16,129492.8871631317
2014-07-17,128350.58732392882
2014-07-18,130406.09449555968
2014-07-21,130770.19651582335
2014-07-22,131128.39229780578
2014-07-23,130228.93755522155
2014-07-24,130385.54963005065
2014-07-25,118829.15778434752
2014-07-28,117622.83172966001
2014-07-29,117485.48050285337
2014-07-30,118326.33377433775
2014-07-31,115137.127231369
2014-08-01,113150.57968498228
2014-08-04,115364.51139451598
2014-08-05,114917.63590623473
2014-08-06,115446.41605448912
2014-08-07,114621.38133927916
2014-08-08,116434.71161289977
2014-08-11,116954.59439787292
2014-08-12,117291.87314430236
2014-08-13,119671.87090193175
2014-08-14,122048.53210972594
2014-08-15,122192.59671543883
2014-08-18,122501.86098582458
2014-08-19,122708.52856153868
2014-08-20,122933.0913197174
2014-08-21,121940.07300917052
2014-08-22,121483.35047499083
2014-08-25,122326.22634349059
2014-08-26,125043.77147389221
2014-08-27,125513.57359791565
2014-08-28,124413.89232350158
2014-08-29,124072.85912037658
2014-09-02,125238.17880229186
2014-09-03,124058.5570981903
2014-09-04,126484.1113584442
2014-09-05,126634.17880229186
2014-09-08,125224.21582011413
2014-09-09,120830.3070981903
2014-09-10,121382.97264848326
2014-09-11,121099.47350297545
2014-09-12,121334.3176961212
2014-09-15,118772.02198078917
2014-09-16,120133.93637202453
2014-09-17,118806.32516474914
2014-09-18,119160.00116474913
2014-09-19,121397.28375752257
2014-09-22,118983.00116474913
2014-09-23,118673.82839814757
2014-09-24,120303.97998786926
2014-09-25,118061.69221366881
2014-09-26,118517.04984910582
2014-09-29,118022.21549851989
2014-09-30,118243.2319353485
2014-10-01,116465.36801322937
2014-10-02,116805.15492335509
2014-10-03,118359.30169279479
2014-10-06,118164.5868629608
2014-10-07,116279.84422227477
2014-10-08,118350.16768415831
2014-10-09,115689.04878053283
2014-10-10,114244.31587037658
2014-10-13,112445.84359169005
2014-10-14,113124.43179499816
2014-10-15,112270.33313166809
2014-10-16,111131.7613535614
2014-10-17,111417.25207621764
2014-10-20,112357.86358744811
2014-10-21,115695.78180033874
2014-10-22,114832.02716166686
2014-10-23,114908.88403422546
2014-10-24,105348.96582133483
2014-10-27,106414.02716166686
2014-10-28,108470.94537455749
2014-10-29,107932.92492778014
2014-10-30,109744.62939555358
2014-10-31,112083.36358744811
2014-11-03,112178.52716166686
2014-11-04,111113.46582133483
2014-11-05,108811.32269389342
2014-11-06,108855.25207621764
2014-11-07,110033.7613535614
2014-11-10,111955.2613535614
2014-11-11,114480.67028910827
2014-11-12,114297.67028910827
2014-11-13,116116.69073588561
2014-11-14,120267.12939555358
2014-11-17,118521.30224711608
2014-11-18,119209.38403422546
2014-11-19,119798.64984233092
2014-11-20,121262.64984233092
2014-11-21,122027.5885019989
2014-11-24,123129.25207621764
2014-11-25,122909.64984233092
2014-11-26,122371.62939555358
2014-11-28,124227.25207621764
2014-12-01,119601.00671488952
2014-12-02,119714.46582133483
2014-12-03,116124.00671488952
2014-12-04,116280.63754154967
2014-12-05,114711.14199711608
2014-12-08,112524.7955615692
2014-12-09,114669.24356022643
2014-12-10,112231.6822198944
2014-12-11,112787.9981988983
2014-12-12,112773.3662408905
2014-12-15,112315.8662408905
2014-12-16,108286.20266667174
2014-12-17,109684.3253473358
2014-12-18,109263.42758122252
2014-12-19,110057.64132633971
2014-12-22,112487.88668766784
2014-12-23,112396.38668766784
2014-12-24,111203.22311344909
2014-12-26,113421.1822198944
2014-12-29,114500.88668766784
2014-12-30,113864.039092453
2014-12-31,113882.34579411315
2015-01-02,113212.55953923034
2015-01-05,110895.78445378112
2015-01-06,108370.38668766784
2015-01-07,109515.96847477721
2015-01-08,110262.60043278502
2015-01-09,108970.62087956237
2015-01-12,106950.30490055846
2015-01-13,108172.11856257629
2015-01-14,107632.62811457824
2015-01-15,105313.19662654113
2015-01-16,106704.11856257629
2015-01-20,106227.02304255676
2015-01-21,109093.29214656066
2015-01-22,113889.98483454894
2015-01-23,114649.67752253723
2015-01-26,113647.7634905548
2015-01-27,112579.79214656066
2015-01-28,111540.04673689269
2015-01-29,114428.03103489683
2015-01-30,130117.28103489683
2015-02-02,133765.26193089294
2015-02-03,133427.61700291443
2015-02-04,133868.0214828949
2015-02-05,137222.40685887146
2015-02-06,137365.53103489685
2015-02-09,136000.2905868988
2015-02-10,136895.7714828949
2015-02-11,137681.15685887146
2015-02-12,138426.1664108734
2015-02-13,140136.37655491638
2015-02-17,137787.5787949066
2015-02-18,137031.5596909027
2015-02-19,139097.7714828949
2015-02-20,140807.99282688904
2015-02-23,139516.15685887146
2015-02-24,138947.30013890075
2015-02-25,141435.5596909027
2015-02-26,141226.36700291443
2015-02-27,139523.49282688904
2015-03-02,141541.99282688904
2015-03-03,141156.63610691833
2015-03-04,140463.01193089294
2015-03-05,142338.37655491638
2015-03-06,139497.80013890075
2015-03-09,138936.2905868988
2015-03-10,135614.94506687927
2015-03-11,134462.5596909027
2015-03-12,137350.84789891052
2015-03-13,136007.62655491638
2015-03-16,137024.22372288513
2015-03-17,136499.4164108734
2015-03-18,137681.15685887146
2015-03-19,136983.84789891052
2015-03-20,138910.59789891052
2015-03-23,137670.13610691833
2015-03-24,137295.80013890075
2015-03-25,136147.08834690857
2015-03-26,134822.22372288513
2015-03-27,136000.2905868988
2015-03-30,137479.30013890075
2015-03-31,136565.47372288513
2015-04-01,135890.19506687927
2015-04-02,136620.5214828949
2015-04-06,138378.45461888122
2015-04-07,137413.24282688904
2015-04-08,139905.17596287536
2015-04-09,140763.95461888122
2015-04-10,140437.31924290466
2015-04-13,140330.88610691833
2015-04-14,141340.13610691833
2015-04-15,140730.92596287536
2015-04-16,141681.45461888122
2015-04-17,137835.2905868988
2015-04-20,142954.94506687927
2015-04-21,143567.8287949066
2015-04-22,143061.36700291443
2015-04-23,143131.09789891052
2015-04-24,163356.47372288513
2015-04-27,160956.2905868988
2015-04-28,157561.5405868988
2015-04-29,157583.5596909027
2015-04-30,154798.03103489685
2015-05-01,155198.0596909027
2015-05-04,155260.45461888122
2015-05-05,154581.502378891
2015-05-06,153814.47372288513
2015-05-07,156669.73327488708
2015-05-08,159169.002378891
2015-05-11,158860.72372288513
2015-05-12,158189.10745091247
2015-05-13,156666.0596909027
2015-05-14,158651.53103489685
2015-05-15,156346.7714828949
2015-05-18,156067.84789891052
2015-05-19,154772.33834690857
2015-05-20,155561.38610691833
2015-05-21,158412.98327488708
2015-05-22,156944.98327488708
2015-05-26,156152.26193089294
2015-05-27,158335.9164108734
2015-05-28,156555.96417088318
2015-05-29,157532.18551487732
2015-06-01,158152.4164108734
2015-06-02,158178.09789891052
2015-06-03,160233.30013890075
2015-06-04,158101.03103489685
2015-06-05,156695.42596287536
2015-06-08,155429.2714828949
2015-06-09,156155.93551487732
2015-06-10,158097.35745091247
2015-06-11,158904.76193089294
2015-06-12,157785.4164108734
2015-06-15,155491.6664108734
2015-06-16,156805.18140052794
2015-06-17,157006.5996605377
2015-06-18,161256.46593251036
2015-06-19,159615.9754845123
2015-06-22,160118.76369252012
2015-06-23,163678.65697254942
2015-06-24,161788.60921253965
2015-06-25,161517.03279652403
2015-06-26,160783.03279652403
2015-06-29,157758.94518055723
2015-06-30,159311.35921253965
2015-07-01,160522.46593251036
2015-07-02,160639.89742054747
2015-07-06,160027.01369252012
2015-07-07,160276.57100453184
2015-07-08,157700.23503651426
2015-07-09,159421.46593251036
2015-07-10,162768.50414051817
2015-07-13,167194.52324452208
2015-07-14,170864.52324452208
2015-07-15,169257.0614525299
2015-07-16,174501.49458851622
2015-07-17,177265.00414051817
2015-07-20,179133.03279652403
2015-07-21,179096.3305565338
2015-07-22,179195.41652455137
2015-07-23,176960.3878685455
2015-07-24,194297.46428456114
2015-07-27,195027.79070057676
2015-07-28,193053.35130848692
2015-07-29,194143.3305565338
2015-07-30,196991.25414051817
2015-07-31,196767.38951649473
2015-08-03,196356.35130848692
2015-08-04,195207.63951649473
2015-08-05,197083.00414051817
2015-08-06,194312.15862049864
2015-08-07,191801.8687645416
2015-08-10,192308.3305565338
2015-08-11,193578.15862049864
2015-08-12,193009.29070057676
2015-08-13,194385.54070057676
2015-08-14,195068.17772450254
2015-08-17,196426.05980458067
2015-08-18,196352.67772450254
2015-08-19,195581.96428456114
2015-08-20,189291.60130848692
2015-08-21,181470.82100453184
2015-08-24,170057.1187645416
2015-08-25,171158.1187645416
2015-08-26,183782.91652455137
2015-08-27,190242.1187645416
2015-08-28,190110.00414051817
2015-08-31,188230.96593251036
2015-09-01,182230.51369252012
2015-09-02,187372.17607655333
2015-09-03,185232.57100453184
2015-09-04,183133.3305565338
2015-09-08,189937.50249256895
2015-09-09,189698.96593251036
2015-09-10,191662.40697254942
2015-09-11,194304.8114525299
2015-09-14,191346.79234852598
2015-09-15,191710.1187645416
2015-09-16,193552.46593251036
2015-09-17,197765.6187645416
2015-09-18,198275.75414051817
2015-09-21,201259.46593251036
2015-09-22,197593.13951649473
2015-09-23,196738.02324452208
2015-09-24,195886.5805565338
2015-09-25,192400.0805565338
2015-09-28,184990.3496605377
2015-09-29,182058.02324452208
2015-09-30,187863.96593251036
2015-10-01,191104.55980458067
2015-10-02,195442.50249256895
2015-10-05,199530.8878685455
2015-10-06,197255.48338856504
2015-10-07,198892.3114525299
2015-10-08,195670.04070057676
2015-10-09,198106.92607655333
2015-10-12,201920.0614525299
2015-10-13,201446.63951649473
2015-10-14,199952.94682850645
2015-10-15,206415.8114525299
2015-10-16,209469.25414051817
2015-10-19,210346.38951649473
2015-10-20,205843.29234852598
2015-10-21,203967.92772450254
2015-10-22,206955.29070057676
2015-10-23,219844.35130848692
2015-10-26,223360.19518055723
2015-10-27,224241.00414051817
2015-10-28,226476.02159657286
2015-10-29,229944.17607655333
2015-10-30,229705.63951649473
2015-11-02,230604.77159657286
2015-11-03,229489.0996605377
2015-11-04,235228.98503651426
2015-11-05,240623.88951649473
2015-11-06,241989.1187645416
2015-11-09,240565.15697254942
2015-11-10,242102.8878685455
2015-11-11,247083.0805565338
2015-11-12,244275.52159657286
2015-11-13,235742.77159657286
2015-11-16,237746.5996605377
2015-11-17,236091.42607655333
2015-11-18,243498.6192023468
2015-11-19,242667.8143927765
2015-11-20,245295.69171211243
2015-11-23,249153.32367012024
2015-11-24,246283.89617988587
2015-11-25,247817.43707344055
2015-11-27,247056.15081855774
2015-11-30,243959.78277656555
2015-12-01,249178.9463507843
2015-12-02,248062.65081855774
2015-12-03,244490.487244339
2015-12-04,246829.23260566712
2015-12-07,245800.7734992218
2015-12-08,248545.7734992218
2015-12-09,243956.1192023468
2015-12-10,243052.10992500305
2015-12-11,234937.89617988587
2015-12-14,241455.1572139435
2015-12-15,241723.08244587708
2015-12-16,248009.79423786927
2015-12-17,246130.75602986146
2015-12-18,243741.58244587708
2015-12-21,243877.3706538849
2015-12-22,243378.25602986146
2015-12-23,243580.101549881
2015-12-24,243246.11900593567
2015-12-28,247800.601549881
2015-12-29,254689.1763179474
2015-12-30,252890.8897578888
2015-12-31,248053.83244587708
2016-01-04,233777.52348591614
2016-01-05,232603.11900593567
2016-01-06,232184.75602986146
2016-01-07,223116.1779658966
2016-01-08,222789.54258992005
2016-01-11,226712.77348591614
2016-01-12,226767.83244587708
2016-01-13,213526.46617390442
2016-01-14,217633.19706990052
2016-01-15,209258.25438191224
2016-01-19,210836.34990193177
2016-01-20,209841.79423786927
2016-01-21,211034.54423786927
2016-01-22,218873.6588618927
2016-01-25,218928.71782185364
2016-01-26,220660.94706990052
2016-01-27,214091.63810993958
2016-01-28,233175.63810993958
2016-01-29,215431.19706990052
2016-02-01,210957.46617390442
2016-02-02,202622.88810993958
2016-02-03,194925.3676261749
2016-02-04,196829.5674521637
2016-02-05,184303.8556601715
2016-02-08,179154.84610816956
2016-02-09,176941.8365561676
2016-02-10,180028.30790016174
2016-02-11,184924.0865561676
2016-02-12,186120.4989402008
2016-02-16,191265.83490821838
2016-02-17,196036.83490821838
2016-02-18,192697.14386817932
2016-02-19,196330.45282814026
2016-02-22,205358.64386817932
2016-02-23,202951.12476417542
2016-02-24,203354.81580421448
2016-02-25,203762.20282814026
2016-02-26,203791.54670021057
2016-02-29,202796.99103614807
2016-03-01,212529.81580421448
2016-03-02,212959.22193214417
2016-03-03,211960.97028419495
2016-03-04,211098.52924415588
2016-03-07,206569.73938819885
2016-03-08,205637.5674521637
2016-03-09,205347.6231162262
2016-03-10,205149.45118019104
2016-03-11,209069.00849220276
2016-03-14,210448.93207618713
2016-03-15,211788.49103614807
2016-03-16,210779.24103614807
2016-03-17,205336.62476417542
2016-03-18,202635.51014015198
2016-03-21,203332.79670021057
2016-03-22,205718.29670021057
2016-03-23,209076.3556601715
2016-03-24,213964.7983481598
2016-03-28,212834.43207618713
2016-03-29,217968.75849220276
2016-03-30,219741.37476417542
2016-03-31,217888.02924415588
2016-04-01,219671.64386817932
2016-04-04,217722.87476417542
2016-04-05,215135.52924415588
2016-04-06,220985.51014015198
2016-04-07,217076.95118019104
2016-04-08,218240.33490821838
2016-04-11,218728.45118019104
2016-04-12,221385.52759620667
2016-04-13,225661.0865561676
2016-04-14,227837.39386817932
2016-04-15,229723.77924415588
2016-04-18,233195.58490821838
2016-04-19,230461.45282814026
2016-04-20,232329.47028419495
2016-04-21,231599.14386817932
2016-04-22,227745.64386817932
2016-04-25,229837.5483481598
2016-04-26,226417.1056601715
2016-04-27,222633.3365561676
2016-04-28,220956.14386817932
2016-04-29,242091.68372413635
2016-05-02,250995.08490821838
2016-05-03,246396.5865561676
2016-05-04,246242.45282814026
2016-05-05,241908.18372413635
2016-05-06,247361.7983481598
2016-05-09,249490.39386817932
2016-05-10,258048.8365561676
2016-05-11,261777.54670021057
2016-05-12,263502.451180191
2016-05-13,260562.77759620667
2016-05-16,260834.3540122223
2016-05-17,255186.24103614807
2016-05-18,255986.2983481598
2016-05-19,256378.99103614807
2016-05-20,257949.73938819885
2016-05-23,255729.39386817932
2016-05-24,258463.5483481598
2016-05-25,259986.58490821838
2016-05-26,262394.10401222226
2016-05-27,261414.22028419495
2016-05-31,265274.80357643124
2016-06-01,264044.63974641415
2016-06-02,267274.2352664337
2016-06-03,266283.3307864532
2016-06-06,266720.0616824493
2016-06-07,265622.7352664337
2016-06-08,266687.0442263946
2016-06-09,267057.717810379
2016-06-10,263483.118994461
2016-06-13,262503.2352664337
2016-06-14,263993.2543704376
2016-06-15,262143.58243440246
2016-06-16,263336.33243440243
2016-06-17,259255.29422639465
2016-06-20,262051.83243440246
2016-06-21,262716.10153840634
2016-06-22,260800.34989045715
2016-06-23,265013.5251223907
2016-06-24,256528.48691438293
2016-06-27,253739.27347444152
2016-06-28,259827.81333039855
2016-06-29,262635.3498904571
2016-06-30,262642.69705842587
2016-07-01,266334.7161624298
2016-07-05,267222.8498904571
2016-07-06,270713.0234744415
2016-07-07,270331.35153840634
2016-07-08,273722.42795442196
2016-07-11,276647.4296023712
2016-07-12,274603.2369143829
2016-07-13,272555.37064241024
2016-07-14,272030.5633303985
2016-07-15,269916.63974641415
2016-07-18,270147.85153840634
2016-07-19,271571.8133303985
2016-07-20,273689.38809846493
2016-07-21,273215.9661624298
2016-07-22,273373.7734744415
2016-07-25,271447.0234744415
2016-07-26,269971.6987063751
2016-07-27,270368.0425784454
2016-07-28,276218.0234744415
2016-07-29,278493.42795442196
2016-08-01,281770.7352664337
2016-08-02,279143.0251223907
2016-08-03,276963.0442263946
2016-08-04,279212.7560183868
2016-08-05,281124.8116824493
2016-08-08,281337.67795442196
2016-08-09,281979.92795442196
2016-08-10,282071.67795442196
2016-08-11,283055.2352664337
2016-08-12,283539.67795442196
2016-08-15,282045.9852664337
2016-08-16,280412.8307864532
2016-08-17,280629.37064241024
2016-08-18,280566.9869143829
2016-08-19,277942.92795442196
2016-08-22,278739.3116824493
2016-08-23,279829.3133303985
2016-08-24,277920.90885041805
2016-08-25,278643.88809846493
2016-08-26,282233.15885041805
2016-08-29,283073.5807864532
2016-08-30,281712.0251223907
2016-08-31,282291.868994461
2016-09-01,282827.69705842587
2016-09-02,283495.63974641415
2016-09-06,289525.44705842587
2016-09-07,287914.3116824493
2016-09-08,287760.17795442196
2016-09-09,278981.5442263946
2016-09-12,283146.9852664337
2016-09-13,279300.83243440243
2016-09-14,279330.1987063751
2016-09-15,282486.38974641415
2016-09-16,285727.0060183868
2016-09-19,284471.8498904571
2016-09-20,286350.88809846493
2016-09-21,289844.7352664337
2016-09-22,295335.0633303985
2016-09-23,295720.40885041805
2016-09-26,293301.868994461
2016-09-27,299522.5234744415
2016-09-28,304150.38809846493
2016-09-29,304271.5043704376
2016-09-30,307302.92795442196
2016-10-03,307093.7352664337
2016-10-04,306099.1796023712
2016-10-05,309890.2734744415
2016-10-06,308899.368994461
2016-10-07,308080.9661624298
2016-10-10,308917.7369143829
2016-10-11,304987.15885041805
2016-10-12,306121.1987063751
2016-10-13,304355.9296023712
2016-10-14,302036.4869143829
2016-10-17,298362.8133303985
2016-10-18,300087.717810379
2016-10-19,300102.38974641415
2016-10-20,297397.60153840634
2016-10-21,300579.4852664337
2016-10-24,307589.1987063751
2016-10-25,306521.2161624298
2016-10-26,301900.6987063751
2016-10-27,300348.2734744415
2016-10-28,284919.60153840634
2016-10-31,289874.10153840634
2016-11-01,288255.618994461
2016-11-02,280970.67795442196
2016-11-03,281510.1796023712
2016-11-04,277113.5043704376
2016-11-07,288079.4661624298
2016-11-08,289114.40885041805
2016-11-09,283290.12064241024
2016-11-10,272463.62064241024
2016-11-11,271226.83243440243
2016-11-14,263908.85153840634
2016-11-15,272779.2352664337
2016-11-16,273971.9852664337
2016-11-17,277608.967810379
2016-11-18,278988.868994461
2016-11-21,286270.15885041805
2016-11-22,288226.2751223907
2016-11-23,286314.19705842587
2016-11-25,286405.94705842587
2016-11-28,281414.7560183868
2016-11-29,279855.0060183868
2016-11-30,275469.35153840634
2016-12-01,272929.717810379
2016-12-02,271714.9487063751
2016-12-05,278695.2734744415
2016-12-06,280662.38809846493
2016-12-07,282754.2925784454
2016-12-08,281620.2751223907
2016-12-09,282108.368994461
2016-12-12,278974.19705842587
2016-12-13,284192.9487063751
2016-12-14,282167.10153840634
2016-12-15,279297.15885041805
2016-12-16,278111.7560183868
2016-12-19,281132.15885041805
2016-12-20,283047.88809846493
2016-12-21,282820.3498904571
2016-12-22,281256.9487063751
2016-12-23,279146.6987063751
2016-12-27,283113.967810379
2016-12-28,283381.87064241024
2016-12-29,280820.217810379
2016-12-30,275212.44705842587
2017-01-03,276607.0425784454
2017-01-04,277895.2161624298
2017-01-05,286435.3133303985
2017-01-06,292138.4852664337
2017-01-09,292479.7925784454
2017-01-10,292105.467810379
2017-01-11,293250.5060183868
2017-01-12,298616.0442263946
2017-01-13,299900.5442263946
2017-01-17,297177.38809846493
2017-01-18,296355.3116824493
2017-01-19,296927.8307864532
2017-01-20,296667.2751223907
2017-01-23,300172.12064241024
2017-01-24,301845.63974641415
2017-01-25,307013.0060183868
2017-01-26,307978.217810379
2017-01-27,306737.7560183868
2017-01-30,304759.62064241024
2017-01-31,302227.3116824493
2017-02-01,305482.5998904571
2017-02-02,308271.8133303985
2017-02-03,297353.5633303985
2017-02-06,296414.0442263946
2017-02-07,298197.65885041805
2017-02-08,300843.7369143829
2017-02-09,301449.2734744415
2017-02-10,303687.9869143829
2017-02-13,307016.6796023712
2017-02-14,306965.2942263946
2017-02-15,309281.0633303985
2017-02-16,309809.5442263946
2017-02-17,310150.85153840634
2017-02-21,314323.63974641415
2017-02-22,314019.0234744415
2017-02-23,312763.88974641415
2017-02-24,310213.2352664337
2017-02-27,311461.0442263946
2017-02-28,310139.8307864532
2017-03-01,313090.5251223907
2017-03-02,311560.118994461
2017-03-03,311916.12064241024
2017-03-06,310716.0234744415
2017-03-07,310499.5060183868
2017-03-08,312143.65885041805
2017-03-09,313061.15885041805
2017-03-10,312862.9869143829
2017-03-13,313644.6987063751
2017-03-14,312888.6796023712
2017-03-15,313050.13809846493
2017-03-16,313215.2925784454
2017-03-17,312807.92795442196
2017-03-20,314518.13809846493
2017-03-21,309464.5633303985
2017-03-22,311248.17795442196
2017-03-23,310998.62064241024
2017-03-24,310349.0234744415
2017-03-27,310793.10153840634
2017-03-28,314162.15885041805
2017-03-29,320885.60153840634
2017-03-30,321626.9487063751
2017-03-31,325370.3307864532
2017-04-03,327194.33243440243
2017-04-04,332816.7751223907
2017-04-05,333715.9296023712
2017-04-06,329678.9296023712
2017-04-07,328431.12064241024
2017-04-10,332893.8307864532
2017-04-11,331176.2734744415
2017-04-12,328926.5616824493
2017-04-13,324684.0425784454
2017-04-17,331040.4852664337
2017-04-18,331697.4296023712
2017-04-19,330016.5633303985
2017-04-20,331066.17795442196
2017-04-21,329770.6796023712
2017-04-24,333029.618994461
2017-04-25,333106.69705842587
2017-04-26,333719.5807864532
2017-04-27,337055.62064241024
2017-04-28,339481.4852664337
2017-05-01,348010.5616824493
2017-05-02,347537.13974641415
2017-05-03,345368.1796023712
2017-05-04,344083.6796023712
2017-05-05,342843.217810379
2017-05-08,348307.8307864532
2017-05-09,349695.10153840634
2017-05-10,348274.8133303985
2017-05-11,347786.69705842587
2017-05-12,352825.5998904571
2017-05-15,351585.13809846493
2017-05-16,354557.85153840634
2017-05-17,346737.08243440243
2017-05-18,351775.9852664337
2017-05-19,352271.4487063751
2017-05-22,356246.0425784454
2017-05-23,356565.3307864532
2017-05-24,359798.5998904571
2017-05-25,364580.62064241024
2017-05-26,365461.4296023712
2017-05-30,365799.0633303985
2017-05-31,365035.69705842587
2017-06-01,365523.8133303985
2017-06-02,369480.0616824493
2017-06-05,371171.9487063751
2017-06-06,368111.15885041805
2017-06-07,370705.85153840634
2017-06-08,370779.2560183868
2017-06-09,359049.92795442196
2017-06-12,354132.118994461
2017-06-13,359960.0807864532
2017-06-14,358374.63809846493
2017-06-15,353860.5425784454
2017-06-16,362499.7369143829
2017-06-19,365237.5425784454
2017-06-20,364290.6987063751
2017-06-21,367828.5616824493
2017-06-22,367487.2543704376
2017-06-23,368382.7352664337
2017-06-26,364800.8116824493
2017-06-27,358488.4296023712
2017-06-28,363446.7483545685
2017-06-29,358176.3394190216
2017-06-30,355265.0561770172
2017-07-03,350002.2663210602
2017-07-05,356512.86513697816
2017-07-06,354215.4415529938
2017-07-07,359213.9797610016
2017-07-10,365713.5354250641
2017-07-11,364854.7679690094
2017-07-12,369398.2297610016
2017-07-13,367240.2679690094
2017-07-14,367673.3252810211
2017-07-17,370693.7281130524
2017-07-18,375982.18825709535
2017-07-19,376870.34438502503
2017-07-20,377541.93825709535
2017-07-21,376429.9623049469
2017-07-24,381303.68825709535
2017-07-25,381641.34438502503
2017-07-26,386386.6740969391
2017-07-27,383891.0561770172
2017-07-28,374363.7281130524
2017-07-31,362524.32692897035
2017-08-01,365610.7870730133
2017-08-02,365500.6915529938
2017-08-03,362208.68990504456
2017-08-04,362450.9224489899
2017-08-07,364172.15334498597
2017-08-08,363280.34603297425
2017-08-09,360406.7297610016
2017-08-10,351198.68990504456
2017-08-11,355261.38259303285
2017-08-14,360880.15169703675
2017-08-15,360674.63259303285
2017-08-16,359001.11348902894
2017-08-17,352538.2488650055
2017-08-18,351767.5354250641
2017-08-21,349866.4781130524
2017-08-22,354861.36513697816
2017-08-23,351595.0561770172
2017-08-24,349558.2106569977
2017-08-25,346919.4797610016
2017-08-28,347198.40334498597
2017-08-29,350149.0752810211
2017-08-30,355114.59603297425
2017-08-31,359889.2472170563
2017-09-01,359026.8061770172
2017-09-05,354263.15334498597
2017-09-06,355191.65169703675
2017-09-07,359474.5354250641
2017-09-08,354494.36513697816
2017-09-11,358920.38424098206
2017-09-12,360615.9224489899
2017-09-13,366862.2472170563
2017-09-14,364150.13424098206
2017-09-15,362160.9781130524
2017-09-18,357536.7870730133
2017-09-19,355947.67080104066
2017-09-20,357177.13424098206
2017-09-21,354035.61513697816
2017-09-22,350530.7472170563
2017-09-25,344911.9781130524
2017-09-26,344475.2472170563
2017-09-27,348978.34438502503
2017-09-28,351007.86513697816
2017-09-29,352824.4972170563
2017-10-02,352031.7870730133
2017-10-03,351264.7472170563
2017-10-04,354329.2106569977
2017-10-05,359980.9972170563
2017-10-06,363184.9224489899
2017-10-09,363702.38259303285
2017-10-10,362311.4606569977
2017-10-11,365174.0561770172
2017-10-12,367350.36348902894
2017-10-13,368088.0370730133
2017-10-16,369335.84603297425
2017-10-17,370359.7679690094
2017-10-18,365908.0561770172
2017-10-19,362094.92080104066
2017-10-20,360737.0163210602
2017-10-23,354641.15169703675
2017-10-24,358164.36513697816
2017-10-25,357067.0163210602
2017-10-26,356890.86348902894
2017-10-27,404057.68825709535
2017-10-30,407690.9972170563
2017-10-31,405646.82692897035
2017-11-01,405059.6358889313
2017-11-02,401587.7854250641
2017-11-03,407966.2472170563
2017-11-06,411291.28872096253
2017-11-07,412212.4623049469
2017-11-08,415776.0179690094
2017-11-09,414399.7679690094
2017-11-10,413012.4972170563
2017-11-13,414414.4623049469
2017-11-14,417229.3236330719
2017-11-15,413513.2778575592
2017-11-16,417402.3870074615
2017-11-17,414682.9044635162
2017-11-20,413372.73417543026
2017-11-21,418209.76908753964
2017-11-22,424327.6752154693
2017-11-24,435278.942671524
2017-11-27,438886.5365435943
2017-11-28,438068.1337115631
2017-11-29,426203.03983949276
2017-11-30,431884.192671524
2017-12-01,426599.3837115631
2017-12-04,416176.57475160214
2017-12-05,418973.11295960995
2017-12-06,422929.3837115631
2017-12-07,425659.8870074615
2017-12-08,426470.942671524
2017-12-11,429010.5987994537
2017-12-12,427601.2865435943
2017-12-13,427252.6544635162
2017-12-14,430970.3662555084
2017-12-15,432761.3280475006
2017-12-18,436959.7865435943
2017-12-19,435785.4044635162
2017-12-20,432203.4808795318
2017-12-21,431153.8662555084
2017-12-22,428805.05729554745
2017-12-26,431887.8662555084
2017-12-27,433906.3662555084
2017-12-28,435315.6337115631
2017-12-29,429212.4219195709
2018-01-02,436383.6162555084
2018-01-03,441958.32475160214
2018-01-04,443936.4601275787
2018-01-05,451111.3280475006
2018-01-08,457618.2308795318
2018-01-09,459757.82475160214
2018-01-10,460356.0365435943
2018-01-11,468558.5223834381
2018-01-12,479025.32475160214
2018-01-16,478900.55729554745
2018-01-17,475281.942671524
2018-01-18,474665.36295960995
2018-01-19,475127.7865435943
2018-01-22,487139.73417543026
2018-01-23,500069.1370074615
2018-01-24,498223.1162555084
2018-01-25,505724.57475160214
2018-01-26,514569.3105914459
2018-01-29,520305.5223834381
2018-01-30,527696.86295961
2018-01-31,532493.5780475006
2018-02-01,510146.942671524
2018-02-02,524808.5747516021
2018-02-05,510146.942671524
2018-02-06,529539.2101275787
2018-02-07,519975.21342347714
2018-02-08,495650.442671524
2018-02-09,491650.1337115631
2018-02-12,508763.34550355526
2018-02-13,519142.1162555084
2018-02-14,532552.3105914459
2018-02-15,536482.8662555084
2018-02-16,531686.1511676178
2018-02-20,538901.3837115631
2018-02-21,544248.5987994537
2018-02-22,545136.7101275787
2018-02-23,550516.942671524
2018-02-26,558572.5747516021
2018-02-27,554913.5955035553
2018-02-28,555086.0747516021
2018-03-01,548113.0747516021
2018-03-02,550608.692671524
2018-03-05,559181.8072955474
2018-03-06,564330.8280475006
2018-03-07,567031.942671524
2018-03-08,569549.5572955474
2018-03-09,579469.5780475006
2018-03-12,586626.0780475006
2018-03-13,582879.0223834381
2018-03-14,583913.942671524
2018-03-15,580728.36295961
2018-03-16,576823.5223834381
2018-03-19,567006.2723834381
2018-03-20,582266.1162555084
2018-03-21,580559.5572955474
2018-03-22,567002.5987994537
2018-03-23,548887.4841754303
2018-03-26,571017.5572955474
2018-03-27,549434.3105914459
2018-03-28,525348.0987994537
2018-03-29,531190.7101275787
2018-04-02,503537.26908753964
2018-04-03,510899.3105914459
2018-04-04,517696.11295960995
2018-04-05,532809.192671524
2018-04-06,515736.34550355526
2018-04-09,516048.2865435943
2018-04-10,527109.6719195709
2018-04-11,523744.3105914459
2018-04-12,531616.442671524
2018-04-13,525116.8870074615
2018-04-16,529035.3019205475
2018-04-17,551908.9542926177
2018-04-18,560720.6278766021
2018-04-19,571389.3429644927
2018-04-20,560592.186836563
2018-04-23,557057.9750445709
2018-04-24,535856.3778766021
2018-04-25,535885.7665484771
2018-04-26,557094.6660846099
2018-04-27,577154.8986285552
2018-04-30,574773.0722125396
2018-05-01,580692.7840045318
2018-05-02,576075.9401324615
2018-05-03,576956.7042926177
2018-05-04,580211.9925006256
2018-05-07,587254.745796524
2018-05-08,584410.495796524
2018-05-09,590122.1580451813
2018-05-10,590517.4219611969
2018-05-11,588259.2305549469
2018-05-14,587757.8123420563
2018-05-15,578454.0762580719
2018-05-16,582548.232682022
2018-05-17,580522.3855140533
2018-05-18,577810.2501380767
2018-05-21,581880.2675941314
2018-05-22,580390.2708900298
2018-05-23,587899.0765540923
2018-05-24,588343.1322181548
2018-05-25,590941.5208900298
2018-05-29,591939.7501380767
2018-05-30,596351.0973060455
2018-05-31,598087.0001380767
2018-06-01,602461.6562660064
2018-06-04,611170.5590980377
2018-06-05,622576.902970108
2018-06-06,622356.7119300689
2018-06-07,619989.5798499908
2018-06-08,618040.7883460845
2018-06-11,619923.5001380767
2018-06-12,623457.7119300689
2018-06-13,625700.0765540923
2018-06-14,632673.0765540923
2018-06-15,629777.4411781158
2018-06-18,632647.4062660064
2018-06-19,636680.732682022
2018-06-20,642295.8058021392
2018-06-21,635007.1911781158
2018-06-22,629667.3680579986
2018-06-25,610392.5208900298
2018-06-26,620646.4793861236
2018-06-27,609423.6355140533
2018-06-28,624448.594010147
2018-06-29,623843.0798499908
2018-07-02,628973.732682022
2018-07-03,621699.7675941314
2018-07-05,623817.3647621002
2018-07-06,627817.6737220611
2018-07-09,638236.8090980377
2018-07-10,639723.1322181548
2018-07-11,644101.4619300689
2018-07-12,659376.0001380767
2018-07-13,665398.482682022
2018-07-16,668870.2883460845
2018-07-17,676738.791641983
2018-07-18,676368.1180579986
2018-07-19,665376.4411781158
2018-07-20,665644.344010147
2018-07-23,661350.4619300689
2018-07-24,671347.5383460845
2018-07-25,683961.3265540923
2018-07-26,663552.4619300689
2018-07-27,666954.5590980377
2018-07-30,652990.1911781158
2018-07-31,652336.9204261627
2018-08-01,659577.8680579986
2018-08-02,673215.5558021392
2018-08-03,669163.9062660064
2018-08-06,678140.7119300689
2018-08-07,683546.6147621002
2018-08-08,692369.3090980377
2018-08-09,696773.3090980377
2018-08-10,692288.5798499908
2018-08-13,695921.844010147
2018-08-14,704528.0208900298
2018-08-15,690938.0001380767
2018-08-16,692369.3090980377
2018-08-17,690791.1911781158
2018-08-20,688769.0175941314
2018-08-21,691231.6180579986
2018-08-22,699114.7708900298
2018-08-23,698380.7708900298
2018-08-24,699294.5973060455
2018-08-27,707475.041641983
2018-08-28,709361.3822181548
2018-08-29,733319.152970108
2018-08-30,734889.9237220611
2018-08-31,738681.0175941314
2018-09-04,748516.6355140533
2018-09-05,732115.3822181548
2018-09-06,718716.2534339752
2018-09-07,716426.1322181548
2018-09-10,711633.1355140533
2018-09-11,729300.5208900298
2018-09-12,730346.4619300689
2018-09-13,730298.7501380767
2018-09-14,723076.1704261627
2018-09-17,700263.482682022
2018-09-18,712381.8298499908
2018-09-19,707012.6180579986
2018-09-20,713574.5798499908
2018-09-21,702825.1355140533
2018-09-24,709926.5765540923
2018-09-25,724676.3298499908
2018-09-26,724786.402970108
2018-09-27,738780.1147621002
2018-09-28,735117.4619300689
2018-10-01,735616.5765540923
2018-10-02,723487.2534339752
2018-10-03,716679.3855140533
2018-10-04,700773.6180579986
2018-10-05,693518.0208900298
2018-10-08,684258.6180579986
2018-10-09,686423.8822181548
2018-10-10,644193.2119300689
2018-10-11,631021.5765540923
2018-10-12,656436.3265540923
2018-10-15,646285.094010147
2018-10-16,667941.7675941314
2018-10-17,672261.3647621002
2018-10-18,649870.6911781158
2018-10-19,647415.482682022
2018-10-22,656689.5798499908
2018-10-23,649129.344010147
2018-10-24,610777.844010147
2018-10-25,654072.8680579986
2018-10-26,602927.7534339752
2018-10-29,564785.4237220611
2018-10-30,561680.6180579986
2018-10-31,586486.1355140533
2018-11-01,611265.982682022
2018-11-02,611265.982682022
2018-11-05,597419.0798499908
2018-11-06,602927.7534339752
2018-11-07,644281.2883460845
2018-11-08,644068.4444740142
2018-11-09,628478.291641983
2018-11-12,600740.402970108
2018-11-13,598655.8680579986
2018-11-14,586853.1355140533
2018-11-15,594350.9204261627
2018-11-16,584797.9444740142
2018-11-19,555026.9062660064
2018-11-20,548850.2675941314
2018-11-21,556656.3647621002
2018-11-23,551272.5034339752
2018-11-26,580364.5558021392
2018-11-27,580397.6180579986
2018-11-28,615750.7119300689
2018-11-29,614216.6322181548
2018-11-30,620308.8680579986
2018-12-03,650472.5765540923
2018-12-04,612319.2708900298
2018-12-06,623619.1704261627
2018-12-07,597907.1737220611
2018-12-10,602274.482682022
2018-12-11,603085.5383460845
2018-12-12,610535.6562660064
2018-12-13,608641.9237220611
2018-12-14,584247.4444740142
2018-12-17,558190.4444740142
2018-12-18,569409.6147621002
2018-12-19,548710.8058021392
2018-12-20,536141.0558021392
2018-12-21,505540.5940101471
2018-12-24,493249.76759413147
2018-12-26,539836.7708900298
2018-12-27,536438.3473060455
2018-12-28,542449.8090980377
2018-12-31,551239.4411781158
2019-01-02,564877.1737220611
2019-01-03,550619.232682022
2019-01-04,578184.5973060455
2019-01-07,598046.6355140533
2019-01-08,607981.3058021392
2019-01-09,609023.6180579986
2019-01-10,607849.1911781158
2019-01-11,602102.0034339752
2019-01-14,593532.5175941314
2019-01-15,614580.0034339752
2019-01-16,617963.732682022
2019-01-17,621428.1911781158
2019-01-18,622521.844010147
2019-01-22,599022.8680579986
2019-01-23,601903.8090980377
2019-01-24,607375.791641983
2019-01-25,613115.6322181548
2019-01-28,601122.0973060455
2019-01-29,584970.4237220611
2019-01-30,613064.291641983
2019-01-31,630790.3647621002
2019-02-01,596842.8647621002
2019-02-04,599441.2534339752
2019-02-05,608799.7534339752
2019-02-06,601991.8855140533
2019-02-07,592490.2501380767
2019-02-08,582893.1911781158
2019-02-11,583913.4619300689
2019-02-12,601166.1355140533
2019-02-13,601896.4619300689
2019-02-14,595529.0208900298
2019-02-15,590134.094010147
2019-02-19,597338.3058021392
2019-02-20,595327.152970108
2019-02-21,594350.9204261627
2019-02-22,598799.0034339752
2019-02-25,599327.4619300689
2019-02-26,600575.2708900298
2019-02-27,602296.4793861236
2019-02-28,601834.0558021392
2019-03-01,613541.3647621002
2019-03-04,622510.8680579986
2019-03-05,621138.291641983
2019-03-06,612521.094010147
2019-03-07,596740.094010147
2019-03-08,594850.0798499908
2019-03-11,613134.0001380767
2019-03-12,614044.152970108
2019-03-13,620543.7534339752
2019-03-14,618859.1911781158
2019-03-15,628452.5765540923
2019-03-18,639385.5208900298
2019-03-19,646615.402970108
2019-03-20,659614.5590980377
2019-03-21,667684.8855140533
2019-03-22,647687.0590980377
2019-03-25,651169.8855140533
2019-03-26,654656.3855140533
2019-03-27,648028.344010147
2019-03-28,650861.6180579986
2019-03-29,653551.7119300689
2019-04-01,665824.1704261627
2019-04-02,665747.1147621002
2019-04-03,668213.344010147
2019-04-04,667538.0765540923
2019-04-05,674298.232682022
2019-04-08,678915.0765540923
2019-04-09,673769.7293861236
2019-04-10,677986.5558021392
2019-04-11,676790.1322181548
2019-04-12,676419.5034339752
2019-04-15,677083.7501380767
2019-04-16,683752.1562660064
2019-04-17,684405.3822181548
2019-04-18,683256.6704261627
2019-04-22,692659.2534339752
2019-04-23,706040.0590980377
2019-04-24,697958.7119300689
2019-04-25,698142.2119300689
2019-04-26,715897.6737220611
2019-04-29,711420.291641983
2019-04-30,707049.3090980377
2019-05-01,701544.3090980377
2019-05-02,697617.3822181548
2019-05-03,720239.2675941314
2019-05-06,715868.3298499908
2019-05-07,705023.4619300689
2019-05-08,703838.0590980377
2019-05-09,697268.7501380767
2019-05-10,693639.1147621002
2019-05-13,668940.041641983
2019-05-14,675340.5001380767
2019-05-15,686728.5208900298
2019-05-16,700094.6322181548
2019-05-17,685939.4619300689
2019-05-20,682258.4411781158
2019-05-21,681726.3090980377
2019-05-22,682519.041641983
2019-05-23,666339.9551552887
2019-05-24,669200.7575952301
2019-05-28,674026.8165551911
2019-05-29,667699.6953393708
2019-05-30,666646.4071313629
2019-05-31,651507.6571313629
2019-06-03,621274.1953393708
2019-06-04,634805.5283471833
2019-06-05,638086.486843277
2019-06-06,643907.1014673004
2019-06-07,662136.0075952301
2019-06-10,682908.1986352692
2019-06-11,684034.8689233551
2019-06-12,680959.4071313629
2019-06-13,686457.1047631989
2019-06-14,686225.8929712067
2019-06-17,692230.0075952301
2019-06-18,697859.7750512848
2019-06-19,700582.9311792145
2019-06-20,704032.6953393708
2019-06-21,701504.1047631989
2019-06-24,702458.2958032379
2019-06-25,689382.0840112458
2019-06-26,696560.5807153473
2019-06-27,698927.7575952301
2019-06-28,695019.1986352692
2019-07-01,705500.6953393708
2019-07-02,709948.7783471833
2019-07-03,711669.986843277
2019-07-05,713104.9693872223
2019-07-08,716558.4071313629
2019-07-09,729763.1047631989
2019-07-10,740446.4693872223
2019-07-11,734449.6571313629
2019-07-12,738093.986843277
2019-07-15,741760.3132592926
2019-07-16,737690.2958032379
2019-07-17,731132.0075952301
2019-07-18,725946.2958032379
2019-07-19,721035.8340112458
2019-07-22,728783.1986352692
2019-07-23,732034.8132592926
2019-07-24,734354.2783471833
2019-07-25,724448.9071313629
2019-07-26,713156.3547631989
2019-07-29,701926.1189233551
2019-07-30,696817.5075952301
2019-07-31,685165.2575952301
2019-08-01,680959.4071313629
2019-08-02,669186.0632592926
2019-08-05,647859.6986352692
2019-08-06,656190.5807153473
2019-08-07,658234.7958032379
2019-08-08,672727.6222192536
2019-08-09,663438.8307153473
2019-08-12,655122.6429712067
2019-08-13,669589.7542993317
2019-08-14,647063.2925073395
2019-08-15,651893.0250512848
2019-08-16,657930.1571313629
2019-08-19,666573.0250512848
2019-08-20,661163.4486352692
2019-08-21,669296.1811792145
2019-08-22,662367.2193872223
2019-08-23,642167.5250512848
2019-08-26,649232.2750512848
2019-08-27,646648.5807153473
2019-08-28,647536.736843277
2019-08-29,655665.7958032379
2019-08-30,651955.4311792145
2019-09-03,656928.2542993317
2019-09-04,660884.5250512848
2019-09-05,675601.2160913239
2019-09-06,672955.1604272614
2019-09-09,672162.4278833161
2019-09-10,668198.8547631989
2019-09-11,669094.3132592926
2019-09-12,676639.8547631989
2019-09-13,675094.7542993317
2019-09-16,663534.2542993317
2019-09-17,668932.8547631989
2019-09-18,667064.7925073395
2019-09-19,668547.486843277
2019-09-20,658513.7193872223
2019-09-23,655262.1047631989
2019-09-24,639227.8514673004
2019-09-25,649034.0807153473
2019-09-26,638578.2542993317
2019-09-27,633297.1189233551
2019-09-30,637135.9693872223
2019-10-01,637040.5458032379
2019-10-02,628812.3896753083
2019-10-03,632919.1429712067
2019-10-04,638508.5458032379
2019-10-07,635943.2193872223
2019-10-08,625979.1604272614
2019-10-09,632027.3132592926
2019-10-10,631392.4104272614
2019-10-11,635671.6429712067
2019-10-14,637326.8165551911
2019-10-15,648685.4486352692
2019-10-16,652373.8165551911
2019-10-17,656062.1396753083
2019-10-18,645063.1604272614
2019-10-21,655394.2193872223
2019-10-22,648079.8896753083
2019-10-23,646773.3929712067
2019-10-24,653603.2575952301
2019-10-25,646465.0807153473
2019-10-28,652245.3307153473
2019-10-29,646971.5425073395
2019-10-30,653313.3132592926
2019-10-31,652091.2193872223
2019-11-01,657515.4453393708
2019-11-04,662367.2193872223
2019-11-05,661284.5425073395
2019-11-06,659104.5840112458
2019-11-07,656326.3689233551
2019-11-08,655474.9486352692
2019-11-11,650252.5458032379
2019-11-12,652582.986843277
2019-11-13,643448.3514673004
2019-11-14,643995.1778833161
2019-11-15,638449.8132592926
2019-11-18,643235.5075952301
2019-11-19,643330.9311792145
2019-11-20,640666.5075952301
2019-11-21,636695.5425073395
2019-11-22,640736.2160913239
2019-11-25,651056.2542993317
2019-11-26,659533.9453393708
2019-11-27,667450.1604272614
2019-11-29,660950.6047631989
2019-12-02,653904.1778833161
2019-12-03,649632.2925073395
2019-12-04,646230.1953393708
2019-12-05,638813.1396753083
2019-12-06,642894.1778833161
2019-12-09,642127.1604272614
2019-12-10,638347.0425073395
2019-12-11,641837.2160913239
2019-12-12,646098.0807153473
2019-12-13,646321.9453393708
2019-12-16,649357.0425073395
2019-12-17,657229.2193872223
2019-12-18,654796.0075952301
2019-12-19,657823.7575952301
2019-12-20,655702.486843277
2019-12-23,658087.986843277
2019-12-24,656697.0425073395
2019-12-26,685895.5840112458
2019-12-27,686273.6047631989
2019-12-30,677865.6222192536
2019-12-31,678214.2542993317
2020-01-02,696626.6604272614
2020-01-03,688170.9660913239
2020-01-06,698413.9486352692
2020-01-07,699874.6014673004
2020-01-08,694409.9660913239
2020-01-09,697742.3547631989
2020-01-10,691176.7193872223
2020-01-13,694164.1047631989
2020-01-14,686141.4453393708
2020-01-15,683418.3340112458
2020-01-16,689260.9453393708
2020-01-17,684409.2160913239
2020-01-21,694420.986843277
2020-01-22,692754.7925073395
2020-01-23,691697.8307153473
2020-01-24,683278.8722192536
2020-01-27,671057.7542993317
2020-01-28,680199.736843277
2020-01-29,681942.986843277
2020-01-30,686596.5665551911
2020-01-31,737257.2160913239
2020-02-03,735598.3689233551
2020-02-04,752285.848171402
2020-02-05,748689.2750512848
2020-02-06,752491.3896753083
2020-02-07,763152.7575952301
2020-02-10,783201.9245874176
2020-02-11,789400.6047631989
2020-02-12,792776.986843277
2020-02-13,789059.3198510895
2020-02-14,783554.3198510895
2020-02-18,791187.848171402
2020-02-19,796527.7160913239
2020-02-20,790244.7226831208
2020-02-21,769277.9660913239
2020-02-24,737466.4311792145
2020-02-25,724052.5632592926
2020-02-26,726566.5042993317
2020-02-27,691595.1047631989
2020-02-28,691393.236843277
2020-03-02,717156.6189233551
2020-03-03,700656.3132592926
2020-03-04,725186.5807153473
2020-03-05,706176.0075952301
2020-03-06,697757.0042993317
2020-03-09,660880.8514673004
2020-03-10,694354.9071313629
2020-03-11,668312.6014673004
2020-03-12,615372.8514673004
2020-03-13,655151.986843277
2020-03-16,619975.0458032379
2020-03-17,663534.2542993317
2020-03-18,671666.986843277
2020-03-19,690358.3165551911
2020-03-20,677572.0042993317
2020-03-23,698395.5807153473
2020-03-24,712073.6778833161
2020-03-25,692160.2542993317
2020-03-26,717721.8132592926
2020-03-27,697393.6778833161
2020-03-30,720826.6189233551
2020-03-31,715604.2160913239
2020-04-01,700182.8689233551
2020-04-02,704267.5807153473
2020-04-03,699775.5042993317
2020-04-06,733172.5042993317
2020-04-07,738314.1778833161
2020-04-08,749837.986843277
2020-04-09,749749.9104272614
2020-04-13,796032.3198510895
2020-04-14,838035.4519311676
2020-04-15,846975.5217553864
2020-04-16,883862.6953393708
2020-04-17,871681.986843277
2020-04-20,878511.8962671051
2020-04-21,854477.0698510895
2020-04-22,867457.8132592926
2020-04-23,880655.1189233551
2020-04-24,884607.7160913239
2020-04-27,872048.986843277
2020-04-28,849324.375515152
2020-04-29,870841.5425073395
2020-04-30,908014.986843277
2020-05-01,839033.6811792145
2020-05-04,850025.3132592926
2020-05-05,850689.6047631989
2020-05-06,862969.4104272614
2020-05-07,868969.8962671051
2020-05-08,873373.8962671051
2020-05-11,884159.986843277
2020-05-12,865057.6189233551
2020-05-13,869083.598171402
2020-05-14,876764.9726831208
2020-05-15,884446.2575952301
2020-05-18,890494.4104272614
2020-05-19,898961.125515152
2020-05-20,916800.9453393708
2020-05-21,898010.5632592926
2020-05-22,894391.9038354645
2020-05-26,888879.6462671051
2020-05-27,884670.0774194489
2020-05-28,881260.7226831208
2020-05-29,896406.8198510895
2020-06-01,906928.6811792145
2020-06-02,907431.4245874176
2020-06-03,909629.7510034333
2020-06-04,903097.2226831208
2020-06-05,911317.986843277
2020-06-08,926387.0283471833
2020-06-09,954572.6462671051
2020-06-10,971671.1189233551
2020-06-11,938828.2925073395
2020-06-12,934079.3340112458
2020-06-15,944230.5217553864
2020-06-16,959861.0840112458
2020-06-17,969296.6396753083
2020-06-18,974067.6396753083
2020-06-19,981785.6604272614
2020-06-22,996028.9519311676
2020-06-23,1014595.4245874176
2020-06-24,1003581.7510034333
2020-06-25,1010987.875515152
2020-06-26,988340.3198510895
2020-06-29,983756.4038354645
2020-06-30,1012543.9519311676
2020-07-01,1056539.8689233551
2020-07-02,1060797.1047631989
2020-07-06,1121990.6811792145
2020-07-07,1101101.0698510895
2020-07-08,1130824.3962671051
2020-07-09,1168082.1538354645
2020-07-10,1174456.986843277
2020-07-13,1139224.986843277
2020-07-14,1131884.986843277
2020-07-15,1104312.3198510895
2020-07-16,1101020.2510034333
2020-07-17,1087099.9660913239
2020-07-20,1173297.2990991364
2020-07-21,1151809.4311792145
2020-07-22,1137723.9245874176
2020-07-23,1096120.8547631989
2020-07-24,1104326.9245874176
2020-07-27,1121319.0425073395
2020-07-28,1101178.125515152
2020-07-29,1113362.5075952301
2020-07-30,1120096.9038354645
2020-07-31,1161494.5217553864
2020-08-03,1142120.5774194489
2020-08-04,1152007.625515152
2020-08-05,1176303.0075952301
2020-08-06,1183631.986843277
2020-08-07,1162514.7925073395
2020-08-10,1155431.6745874176
2020-08-11,1130662.848171402
2020-08-12,1160599.0632592926
2020-08-13,1160151.3340112458
2020-08-14,1155380.3340112458
2020-08-17,1168001.4245874176
2020-08-18,1215740.8132592926
2020-08-19,1196653.1396753083
2020-08-20,1210191.8198510895
2020-08-21,1205549.2160913239
2020-08-24,1213894.7925073395
2020-08-25,1228218.8132592926
2020-08-26,1263215.9726831208
2020-08-27,1247856.986843277
2020-08-28,1248517.6047631989
2020-08-31,1266559.2925073395
2020-09-01,1284234.0698510895
2020-09-02,1296099.1189233551
2020-09-03,1236112.986843277
2020-09-04,1209182.5698510895
2020-09-08,1156048.2990991364
2020-09-09,1199636.8962671051
2020-09-10,1165322.3962671051
2020-09-11,1143709.7160913239
2020-09-14,1138846.9660913239
2020-09-15,1158356.6538354645
2020-09-16,1129719.7226831208
2020-09-17,1104260.8896753083
2020-09-18,1084508.9245874176
2020-09-21,1086549.4660913239
2020-09-22,1148396.3132592926
2020-09-23,1101005.6462671051
2020-09-24,1108319.9311792145
2020-09-25,1135969.6538354645
2020-09-28,1164933.3547631989
2020-09-29,1154227.9038354645
2020-09-30,1155640.8896753083
2020-10-01,1182259.4104272614
2020-10-02,1146931.986843277
2020-10-05,1174163.3689233551
2020-10-06,1137742.2925073395
2020-10-07,1172875.1953393708
2020-10-08,1170988.8547631989
2020-10-09,1206257.5010034333
2020-10-12,1263612.2717553864
2020-10-13,1263869.1538354645
2020-10-14,1234538.5425073395
2020-10-15,1225341.5010034333
2020-10-16,1201141.5425073395
2020-10-19,1177103.0425073395
2020-10-20,1180699.6604272614
2020-10-21,1168929.9453393708
2020-10-22,1165795.7510034333
2020-10-23,1176071.7510034333
2020-10-26,1177040.6811792145
2020-10-27,1206140.125515152
2020-10-28,1160797.2575952301
2020-10-29,1178497.6604272614
2020-10-30,1114324.0010034333
2020-11-02,1102701.1396753083
2020-11-03,1118823.4245874176
2020-11-04,1189562.6745874176
2020-11-05,1219230.986843277
2020-11-06,1215329.8198510895
2020-11-09,1153809.5632592926
2020-11-10,1113909.3340112458
2020-11-11,1151479.0774194489
2020-11-12,1141529.7575952301
2020-11-13,1148330.2783471833
2020-11-16,1149156.0283471833
2020-11-17,1150844.1745874176
2020-11-18,1139760.7925073395
2020-11-19,1144003.3340112458
2020-11-20,1137536.7510034333
2020-11-23,1137166.0774194489
2020-11-24,1144385.0283471833
2020-11-25,1168977.7019311676
2020-11-27,1172746.7990991364
2020-11-30,1162727.6811792145
2020-12-01,1181826.375515152
2020-12-02,1175752.5075952301
2020-12-03,1169586.8896753083
2020-12-04,1160723.875515152
2020-12-07,1159042.986843277
2020-12-08,1166122.4311792145
2020-12-09,1139298.3689233551
2020-12-10,1138303.8132592926
2020-12-11,1143783.098171402
2020-12-14,1158664.9660913239
2020-12-15,1161656.0698510895
2020-12-16,1189489.2925073395
2020-12-17,1187698.375515152
2020-12-18,1175062.5010034333
2020-12-21,1176725.0217553864
2020-12-22,1176849.8340112458
2020-12-23,1169051.0840112458
2020-12-24,1164434.1953393708
2020-12-28,1205270.2925073395
2020-12-29,1219230.986843277
2020-12-30,1205963.9726831208
2020-12-31,1195350.2717553864
2021-01-04,1169550.1538354645
2021-01-05,1181250.1604272614
2021-01-06,1151842.4038354645
2021-01-07,1160569.6745874176
2021-01-08,1168107.8689233551
2021-01-11,1142972.0425073395
2021-01-12,1145401.625515152
2021-01-13,1161938.5774194489
2021-01-14,1147838.4660913239
2021-01-15,1139316.736843277
2021-01-19,1145375.9104272614
2021-01-20,1197717.4038354645
2021-01-21,1213722.3132592926
2021-01-22,1208305.3896753083
2021-01-25,1208954.986843277
2021-01-26,1220746.6538354645
2021-01-27,1186413.875515152
2021-01-28,1188263.5698510895
2021-01-29,1176732.3689233551
2021-02-01,1226893.9038354645
2021-02-02,1240516.986843277
2021-02-03,1215755.5075952301
2021-02-04,1222533.986843277
2021-02-05,1230296.0010034333
2021-02-08,1219575.9453393708
2021-02-09,1212991.986843277
2021-02-10,1206231.875515152
2021-02-11,1197258.6538354645
2021-02-12,1202976.5425073395
2021-02-16,1199761.6189233551
2021-02-17,1214327.8274194489
2021-02-18,1221517.3896753083
2021-02-19,1192770.2510034333
2021-02-22,1167388.5632592926
2021-02-23,1172438.486843277
2021-02-24,1159604.5075952301
2021-02-25,1122034.6745874176
2021-02-26,1135162.2717553864
2021-03-01,1154690.3274194489
2021-03-02,1135749.5075952301
2021-03-03,1102891.986843277
2021-03-04,1092825.2019311676
2021-03-05,1101225.7925073395
2021-03-08,1083422.6189233551
2021-03-09,1124122.9726831208
2021-03-10,1122212.9747744293
2021-03-11,1142743.6388142242
2021-03-12,1133898.9029743804
2021-03-15,1131032.6114704742
2021-03-16,1134768.735982193
2021-03-17,1150868.979390396
2021-03-18,1111328.4029743804
2021-03-19,1128566.3822224273
2021-03-22,1141745.4095661773
2021-03-23,1151518.5765583648
2021-03-24,1133010.7916462554
2021-03-25,1118033.5001423492
2021-03-26,1120151.097310318
2021-03-29,1128848.979390396
2021-03-30,1121347.5208943023
2021-03-31,1135583.4652302398
2021-04-01,1160143.0765583648
2021-04-05,1184265.979390396
2021-04-06,1183198.0416462554
2021-04-07,1203592.1671345367
2021-04-08,1210899.1944782867
2021-04-09,1237653.458638443
2021-04-12,1240292.1671345367
2021-04-13,1247856.0765583648
2021-04-14,1223024.8888142242
2021-04-15,1223024.8888142242
